{"cameraMode":{"drawMode":0,"name":"Shaded","section":"Shading Mode"},"sceneLighting":false,"audioPlay":false,"sceneViewState":{"showFog":true,"showMaterialUpdate":false,"showSkybox":false,"showFlares":true,"showImageEffects":true,"showParticleSystems":true},"in2DMode":false,"pivot":{"x":1.7117149829864503,"y":3.430189847946167,"z":2.7921905517578127},"rotation":{"x":-0.341918408870697,"y":0.49460679292678835,"z":-0.22017362713813783,"w":-0.7681066989898682},"size":2.319056510925293,"orthographic":false}