{"cameraMode":{"drawMode":0,"name":"Shaded","section":"Shading Mode"},"sceneLighting":false,"audioPlay":false,"sceneViewState":{"showFog":true,"showMaterialUpdate":false,"showSkybox":false,"showFlares":true,"showImageEffects":true,"showParticleSystems":true},"in2DMode":false,"pivot":{"x":-0.06562185287475586,"y":0.7960395812988281,"z":0.020685672760009767},"rotation":{"x":-0.65958172082901,"y":0.00833803042769432,"z":-0.00732294749468565,"w":-0.7515609264373779},"size":7.413375377655029,"orthographic":false}