{"cameraMode":{"drawMode":0,"name":"Shaded","section":"Shading Mode"},"sceneLighting":false,"audioPlay":false,"sceneViewState":{"showFog":true,"showMaterialUpdate":false,"showSkybox":false,"showFlares":true,"showImageEffects":true,"showParticleSystems":true},"in2DMode":false,"pivot":{"x":4.743005752563477,"y":-3.2294845581054689,"z":1.9681707620620728},"rotation":{"x":-0.6592042446136475,"y":0.20567716658115388,"z":-0.1946355104446411,"w":-0.6966197490692139},"size":14.11081314086914,"orthographic":false}