{"cameraMode":{"drawMode":0,"name":"Shaded","section":"Shading Mode"},"sceneLighting":false,"audioPlay":false,"sceneViewState":{"showFog":true,"showMaterialUpdate":false,"showSkybox":false,"showFlares":true,"showImageEffects":true,"showParticleSystems":true},"in2DMode":false,"pivot":{"x":-4.2300004959106449,"y":2.8949997425079347,"z":0.1399998664855957},"rotation":{"x":0.19873681664466859,"y":-0.10041369497776032,"z":0.040234073996543887,"w":0.9740656018257141},"size":8.458744049072266,"orthographic":false}